Order_ID,Delivery_Partner,Warehouse_ID,Timestamp,Dispatch_Time,Expected_Delivery_Time,Actual_Delivery_Time,Delivery_Status,Delivery_Location
ORD00001,Partner_A,WH01,2026-09-01 19:22:22,2026-09-01 19:22:22,2026-09-02 19:22:22,Not yet delivered,Dispatched,Hyderabad
ORD00002,Partner_C,WH02,2026-09-01 19:29:27,2026-09-01 19:29:27,2026-09-02 19:29:27,Not yet delivered,In Transit,Hyderabad
ORD00003,Partner_A,WH04,2026-09-01 19:28:32,2026-09-01 19:28:32,2026-09-02 19:28:32,Not yet delivered,In Transit,Mumbai
ORD00006,Partner_B,WH03,2026-09-01 19:23:47,2026-09-01 19:23:47,2026-09-02 19:23:47,2026-09-02 20:23:47,Delivered,Hyderabad
ORD00007,Partner_B,WH04,2026-09-01 19:27:52,2026-09-01 19:27:52,2026-09-02 19:27:52,Not yet delivered,In Transit,Delhi
ORD00008,Partner_B,WH02,2026-09-01 19:27:57,2026-09-01 19:27:57,2026-09-02 19:27:57,Not yet delivered,In Transit,Delhi
ORD00009,Partner_B,WH01,2026-09-01 19:48:02,2026-09-01 19:48:02,2026-09-02 19:48:02,Not yet delivered,In Transit,Pune
ORD00010,Partner_A,WH03,2026-09-01 19:35:07,2026-09-01 19:35:07,2026-09-02 19:35:07,2026-09-02 22:35:07,Delivered,Mumbai
ORD00011,Partner_B,WH03,2026-09-01 19:41:12,2026-09-01 19:41:12,2026-09-02 19:41:12,Not yet delivered,In Transit,Mumbai
ORD00012,Partner_C,WH04,2026-09-01 19:26:17,2026-09-01 19:26:17,2026-09-02 19:26:17,Not yet delivered,Dispatched,Hyderabad
ORD00013,Partner_C,WH01,2026-09-01 19:39:22,2026-09-01 19:39:22,2026-09-02 19:39:22,Not yet delivered,In Transit,Hyderabad
ORD00015,Partner_C,WH02,2026-09-01 19:39:32,2026-09-01 19:39:32,2026-09-02 19:39:32,Not yet delivered,Dispatched,Bengaluru
ORD00016,Partner_C,WH02,2026-09-01 19:40:37,2026-09-01 19:40:37,2026-09-02 19:40:37,2026-09-02 19:40:37,Delivered,Hyderabad
ORD00018,Partner_A,WH01,2026-09-01 19:25:47,2026-09-01 19:25:47,2026-09-02 19:25:47,2026-09-03 01:25:47,Delivered,Mumbai
ORD00019,Partner_C,WH02,2026-09-01 19:29:52,2026-09-01 19:29:52,2026-09-02 19:29:52,2026-09-03 01:29:52,Delivered,Hyderabad
ORD00020,Partner_A,WH03,2026-09-01 19:26:57,2026-09-01 19:26:57,2026-09-02 19:26:57,Not yet delivered,Dispatched,Bengaluru
